date,panelBapanas,pihps,bpsGresik,bpsLamongan,hppKdmp,pengepulManual
2026-09-25,Data tidak ditemukan di halaman,Belum berhasil diambil otomatis — cek https://www.bi.go.id/hargapangan,(belum waktunya cek - rilis BPS bulanan),(belum waktunya cek - rilis BPS bulanan),6500,
2026-09-25,Belum pernah berhasil diambil otomatis — cek manual,Belum pernah berhasil diambil otomatis — cek manual,Belum pernah berhasil diambil otomatis — cek manual,Belum pernah berhasil diambil otomatis — cek manual,6500,Belum pernah berhasil diambil otomatis — cek manual
2026-09-25,Belum pernah berhasil diambil otomatis — cek manual,Belum pernah berhasil diambil otomatis — cek manual,Belum pernah berhasil diambil otomatis — cek manual,Belum pernah berhasil diambil otomatis — cek manual,6500,Belum pernah berhasil diambil otomatis — cek manual
2026-09-26,Belum pernah berhasil diambil otomatis — cek manual,Belum pernah berhasil diambil otomatis — cek manual,Belum pernah berhasil diambil otomatis — cek manual,Belum pernah berhasil diambil otomatis — cek manual,6500,Belum pernah berhasil diambil otomatis — cek manual
2026-09-26,Belum pernah berhasil diambil otomatis — cek manual,Belum pernah berhasil diambil otomatis — cek manual,Belum pernah berhasil diambil otomatis — cek manual,Belum pernah berhasil diambil otomatis — cek manual,6500,Belum pernah berhasil diambil otomatis — cek manual
2026-09-26,Belum pernah berhasil diambil otomatis — cek manual,Belum pernah berhasil diambil otomatis — cek manual,Belum pernah berhasil diambil otomatis — cek manual,Belum pernah berhasil diambil otomatis — cek manual,6500,Belum pernah berhasil diambil otomatis — cek manual
2026-09-26,Belum pernah berhasil diambil otomatis — cek manual,Belum pernah berhasil diambil otomatis — cek manual,Belum pernah berhasil diambil otomatis — cek manual,Belum pernah berhasil diambil otomatis — cek manual,6500,Belum pernah berhasil diambil otomatis — cek manual
2026-09-27,Belum pernah berhasil diambil otomatis — cek manual,Belum pernah berhasil diambil otomatis — cek manual,Belum pernah berhasil diambil otomatis — cek manual,Belum pernah berhasil diambil otomatis — cek manual,6500,Belum pernah berhasil diambil otomatis — cek manual
2026-09-28,Belum pernah berhasil diambil otomatis — cek manual,"0,50,0,0,0",Belum pernah berhasil diambil otomatis — cek manual,Belum pernah berhasil diambil otomatis — cek manual,6500,Belum pernah berhasil diambil otomatis — cek manual
2026-09-29,Belum pernah berhasil diambil otomatis — cek manual,"0,50,0,0,0 (data 2026-09-28, menunggu update otomatis)",Belum pernah berhasil diambil otomatis — cek manual,Belum pernah berhasil diambil otomatis — cek manual,6500,Belum pernah berhasil diambil otomatis — cek manual
2026-09-30,Belum pernah berhasil diambil otomatis — cek manual,"0,0,0,50,0",Belum pernah berhasil diambil otomatis — cek manual,Belum pernah berhasil diambil otomatis — cek manual,6500,Belum pernah berhasil diambil otomatis — cek manual
2026-10-01,Belum pernah berhasil diambil otomatis — cek manual,"0,50,0,50,0",Belum pernah berhasil diambil otomatis — cek manual,Belum pernah berhasil diambil otomatis — cek manual,6500,Belum pernah berhasil diambil otomatis — cek manual
2026-10-02,Belum pernah berhasil diambil otomatis — cek manual,"400,850,250,250,1150",Belum pernah berhasil diambil otomatis — cek manual,Belum pernah berhasil diambil otomatis — cek manual,6500,Belum pernah berhasil diambil otomatis — cek manual
2026-10-02,Belum pernah berhasil diambil otomatis — cek manual,"0,0,0,400,50",Belum pernah berhasil diambil otomatis — cek manual,Belum pernah berhasil diambil otomatis — cek manual,6500,Belum pernah berhasil diambil otomatis — cek manual
2026-10-02,Belum pernah berhasil diambil otomatis — cek manual,"0,0,0,400,50",Belum pernah berhasil diambil otomatis — cek manual,Belum pernah berhasil diambil otomatis — cek manual,6500,Belum pernah berhasil diambil otomatis — cek manual
2026-10-02,Belum pernah berhasil diambil otomatis — cek manual,"0,0,0,400,50",Belum pernah berhasil diambil otomatis — cek manual,Belum pernah berhasil diambil otomatis — cek manual,6500,Belum pernah berhasil diambil otomatis — cek manual
2026-10-02,Belum pernah berhasil diambil otomatis — cek manual,"0,0,0,400,50",Belum pernah berhasil diambil otomatis — cek manual,Belum pernah berhasil diambil otomatis — cek manual,6500,Belum pernah berhasil diambil otomatis — cek manual
2026-10-02,Belum pernah berhasil diambil otomatis — cek manual,"0,0,0,400,50",Belum pernah berhasil diambil otomatis — cek manual,Belum pernah berhasil diambil otomatis — cek manual,6500,Belum pernah berhasil diambil otomatis — cek manual
2026-10-02,Belum pernah berhasil diambil otomatis — cek manual,"0,0,0,0,250",Belum pernah berhasil diambil otomatis — cek manual,Belum pernah berhasil diambil otomatis — cek manual,6500,Belum pernah berhasil diambil otomatis — cek manual
2026-10-02,Belum pernah berhasil diambil otomatis — cek manual,"0,0,0,0,250",Belum pernah berhasil diambil otomatis — cek manual,Belum pernah berhasil diambil otomatis — cek manual,6500,Belum pernah berhasil diambil otomatis — cek manual
2026-10-02,Belum pernah berhasil diambil otomatis — cek manual,"0,0,0,0,250",Belum pernah berhasil diambil otomatis — cek manual,Belum pernah berhasil diambil otomatis — cek manual,6500,Belum pernah berhasil diambil otomatis — cek manual
2026-10-02,Belum pernah berhasil diambil otomatis — cek manual,"0,0,0,0,250",Belum pernah berhasil diambil otomatis — cek manual,Belum pernah berhasil diambil otomatis — cek manual,6500,Belum pernah berhasil diambil otomatis — cek manual
2026-10-02,Belum pernah berhasil diambil otomatis — cek manual,"0,0,0,0,250",Belum pernah berhasil diambil otomatis — cek manual,Belum pernah berhasil diambil otomatis — cek manual,6500,Belum pernah berhasil diambil otomatis — cek manual
2026-10-02,Belum pernah berhasil diambil otomatis — cek manual,"0,0,0,0,250",Belum pernah berhasil diambil otomatis — cek manual,Belum pernah berhasil diambil otomatis — cek manual,6500,Belum pernah berhasil diambil otomatis — cek manual
2026-10-02,Belum pernah berhasil diambil otomatis — cek manual,"0,0,0,0,250",Belum pernah berhasil diambil otomatis — cek manual,Belum pernah berhasil diambil otomatis — cek manual,6500,Belum pernah berhasil diambil otomatis — cek manual
2026-10-02,Belum pernah berhasil diambil otomatis — cek manual,"0,0,0,0,250",Belum pernah berhasil diambil otomatis — cek manual,Belum pernah berhasil diambil otomatis — cek manual,6500,Belum pernah berhasil diambil otomatis — cek manual
2026-10-02,Belum pernah berhasil diambil otomatis — cek manual,"0,0,0,0,250",Belum pernah berhasil diambil otomatis — cek manual,Belum pernah berhasil diambil otomatis — cek manual,6500,Belum pernah berhasil diambil otomatis — cek manual
2026-10-02,Belum pernah berhasil diambil otomatis — cek manual,"0,0,0,0,250",Belum pernah berhasil diambil otomatis — cek manual,Belum pernah berhasil diambil otomatis — cek manual,6500,Belum pernah berhasil diambil otomatis — cek manual
2026-10-02,Belum pernah berhasil diambil otomatis — cek manual,"0,0,0,0,250",Belum pernah berhasil diambil otomatis — cek manual,Belum pernah berhasil diambil otomatis — cek manual,6500,Belum pernah berhasil diambil otomatis — cek manual
2026-10-02,Belum pernah berhasil diambil otomatis — cek manual,"0,0,0,0,250",Belum pernah berhasil diambil otomatis — cek manual,Belum pernah berhasil diambil otomatis — cek manual,6500,Belum pernah berhasil diambil otomatis — cek manual
2026-10-02,Belum pernah berhasil diambil otomatis — cek manual,"0,0,0,0,250",Belum pernah berhasil diambil otomatis — cek manual,Belum pernah berhasil diambil otomatis — cek manual,6500,Belum pernah berhasil diambil otomatis — cek manual
2026-10-02,Belum pernah berhasil diambil otomatis — cek manual,"0,0,0,0,250",Belum pernah berhasil diambil otomatis — cek manual,Belum pernah berhasil diambil otomatis — cek manual,6500,Belum pernah berhasil diambil otomatis — cek manual
2026-10-02,Belum pernah berhasil diambil otomatis — cek manual,"0,0,0,0,250",Belum pernah berhasil diambil otomatis — cek manual,Belum pernah berhasil diambil otomatis — cek manual,6500,Belum pernah berhasil diambil otomatis — cek manual
2026-10-02,Belum pernah berhasil diambil otomatis — cek manual,"0,0,0,0,250",Belum pernah berhasil diambil otomatis — cek manual,Belum pernah berhasil diambil otomatis — cek manual,6500,Belum pernah berhasil diambil otomatis — cek manual
2026-10-03,Belum pernah berhasil diambil otomatis — cek manual,"0,0,0,0,250",Belum pernah berhasil diambil otomatis — cek manual,Belum pernah berhasil diambil otomatis — cek manual,6500,Belum pernah berhasil diambil otomatis — cek manual
2026-10-03,Belum pernah berhasil diambil otomatis — cek manual,"0,0,0,0,250",Belum pernah berhasil diambil otomatis — cek manual,Belum pernah berhasil diambil otomatis — cek manual,6500,Belum pernah berhasil diambil otomatis — cek manual
2026-10-03,Belum pernah berhasil diambil otomatis — cek manual,"0,0,0,0,250",Belum pernah berhasil diambil otomatis — cek manual,Belum pernah berhasil diambil otomatis — cek manual,6500,Belum pernah berhasil diambil otomatis — cek manual
2026-10-03,Belum pernah berhasil diambil otomatis — cek manual,"0,0,0,0,250",Belum pernah berhasil diambil otomatis — cek manual,Belum pernah berhasil diambil otomatis — cek manual,6500,Belum pernah berhasil diambil otomatis — cek manual
2026-10-03,Belum pernah berhasil diambil otomatis — cek manual,"0,0,0,0,250",Belum pernah berhasil diambil otomatis — cek manual,Belum pernah berhasil diambil otomatis — cek manual,6500,Belum pernah berhasil diambil otomatis — cek manual
2026-10-03,Belum pernah berhasil diambil otomatis — cek manual,"0,0,0,0,250",Belum pernah berhasil diambil otomatis — cek manual,Belum pernah berhasil diambil otomatis — cek manual,6500,Belum pernah berhasil diambil otomatis — cek manual
2026-10-04,Belum pernah berhasil diambil otomatis — cek manual,"0,0,0,0,250",Belum pernah berhasil diambil otomatis — cek manual,Belum pernah berhasil diambil otomatis — cek manual,6500,Belum pernah berhasil diambil otomatis — cek manual
2026-10-04,Belum pernah berhasil diambil otomatis — cek manual,"0,0,0,0,250",Belum pernah berhasil diambil otomatis — cek manual,Belum pernah berhasil diambil otomatis — cek manual,6500,Belum pernah berhasil diambil otomatis — cek manual
2026-10-04,Belum pernah berhasil diambil otomatis — cek manual,"0,0,0,0,250",Belum pernah berhasil diambil otomatis — cek manual,Belum pernah berhasil diambil otomatis — cek manual,6500,Belum pernah berhasil diambil otomatis — cek manual
2026-10-04,Belum pernah berhasil diambil otomatis — cek manual,"0,0,0,0,250",Belum pernah berhasil diambil otomatis — cek manual,Belum pernah berhasil diambil otomatis — cek manual,6500,Belum pernah berhasil diambil otomatis — cek manual
2026-10-04,Belum pernah berhasil diambil otomatis — cek manual,"0,0,0,0,250",Belum pernah berhasil diambil otomatis — cek manual,Belum pernah berhasil diambil otomatis — cek manual,6500,Belum pernah berhasil diambil otomatis — cek manual
2026-10-05,Belum pernah berhasil diambil otomatis — cek manual,"0,0,0,0,250",Belum pernah berhasil diambil otomatis — cek manual,Belum pernah berhasil diambil otomatis — cek manual,6500,Belum pernah berhasil diambil otomatis — cek manual
2026-10-05,Belum pernah berhasil diambil otomatis — cek manual,"0,0,0,50,250",Belum pernah berhasil diambil otomatis — cek manual,Belum pernah berhasil diambil otomatis — cek manual,6500,Belum pernah berhasil diambil otomatis — cek manual
2026-10-06,Belum pernah berhasil diambil otomatis — cek manual,"0,100,0,100,0",Belum pernah berhasil diambil otomatis — cek manual,Belum pernah berhasil diambil otomatis — cek manual,6500,Belum pernah berhasil diambil otomatis — cek manual
2026-10-07,Belum pernah berhasil diambil otomatis — cek manual,"150,0,0,100,0",Belum pernah berhasil diambil otomatis — cek manual,Belum pernah berhasil diambil otomatis — cek manual,6500,Belum pernah berhasil diambil otomatis — cek manual
2026-10-08,Belum pernah berhasil diambil otomatis — cek manual,"150,0,0,100,0 (data 2026-10-07, menunggu update otomatis)",Belum pernah berhasil diambil otomatis — cek manual,Belum pernah berhasil diambil otomatis — cek manual,6500,Belum pernah berhasil diambil otomatis — cek manual
2026-10-09,Belum pernah berhasil diambil otomatis — cek manual,"0,0,0,0,250",Belum pernah berhasil diambil otomatis — cek manual,Belum pernah berhasil diambil otomatis — cek manual,6500,Belum pernah berhasil diambil otomatis — cek manual
2026-10-10,Belum pernah berhasil diambil otomatis — cek manual,"0,0,0,0,250",Belum pernah berhasil diambil otomatis — cek manual,Belum pernah berhasil diambil otomatis — cek manual,6500,Belum pernah berhasil diambil otomatis — cek manual
