date,area,marketId,location,sourceType,commodityKey,commodity,brand,productName,size,unit,price,priceType,stockStatus,confidence,observedAt,address,sourceUrl
2026-10-02,gresik,45,Pasar Baru,pasar rakyat,ayam,Daging ayam ras,Komoditas pasar,Daging ayam ras,1 kg,kg,40000,survei,terpantau,resmi-pasar,2026-10-02,"Pasar Baru, Kabupaten Gresik",https://siskaperbapo.indagjatim.com/display/show/?tanggal=2026-10-02&kabkota=gresikkab&pasar=45
2026-10-02,gresik,46,Pasar Kota,pasar rakyat,ayam,Daging ayam ras,Komoditas pasar,Daging ayam ras,1 kg,kg,42000,survei,terpantau,resmi-pasar,2026-10-02,"Pasar Kota, Kabupaten Gresik",https://siskaperbapo.indagjatim.com/display/show/?tanggal=2026-10-02&kabkota=gresikkab&pasar=46
2026-10-02,gresik,45,Pasar Baru,pasar rakyat,bawang-merah,Bawang merah,Komoditas pasar,Bawang merah,1 kg,kg,28000,survei,terpantau,resmi-pasar,2026-10-02,"Pasar Baru, Kabupaten Gresik",https://siskaperbapo.indagjatim.com/display/show/?tanggal=2026-10-02&kabkota=gresikkab&pasar=45
2026-10-02,gresik,46,Pasar Kota,pasar rakyat,bawang-merah,Bawang merah,Komoditas pasar,Bawang merah,1 kg,kg,30000,survei,terpantau,resmi-pasar,2026-10-02,"Pasar Kota, Kabupaten Gresik",https://siskaperbapo.indagjatim.com/display/show/?tanggal=2026-10-02&kabkota=gresikkab&pasar=46
2026-10-02,gresik,123,Pasar Sidomoro,pasar rakyat,bawang-merah,Bawang merah,Komoditas pasar,Bawang merah,1 kg,kg,21000,survei,terpantau,resmi-pasar,2026-10-02,"Pasar Sidomoro, Kabupaten Gresik",https://siskaperbapo.indagjatim.com/display/show/?tanggal=2026-10-02&kabkota=gresikkab&pasar=123
2026-10-02,gresik,45,Pasar Baru,pasar rakyat,bawang-putih,Bawang putih,Komoditas pasar,Bawang putih,1 kg,kg,30000,survei,terpantau,resmi-pasar,2026-10-02,"Pasar Baru, Kabupaten Gresik",https://siskaperbapo.indagjatim.com/display/show/?tanggal=2026-10-02&kabkota=gresikkab&pasar=45
2026-10-02,gresik,46,Pasar Kota,pasar rakyat,bawang-putih,Bawang putih,Komoditas pasar,Bawang putih,1 kg,kg,32000,survei,terpantau,resmi-pasar,2026-10-02,"Pasar Kota, Kabupaten Gresik",https://siskaperbapo.indagjatim.com/display/show/?tanggal=2026-10-02&kabkota=gresikkab&pasar=46
2026-10-02,gresik,45,Pasar Baru,pasar rakyat,beras-medium,Beras medium,Komoditas pasar,Beras medium,1 kg,kg,12500,survei,terpantau,resmi-pasar,2026-10-02,"Pasar Baru, Kabupaten Gresik",https://siskaperbapo.indagjatim.com/display/show/?tanggal=2026-10-02&kabkota=gresikkab&pasar=45
2026-10-02,gresik,46,Pasar Kota,pasar rakyat,beras-medium,Beras medium,Komoditas pasar,Beras medium,1 kg,kg,12800,survei,terpantau,resmi-pasar,2026-10-02,"Pasar Kota, Kabupaten Gresik",https://siskaperbapo.indagjatim.com/display/show/?tanggal=2026-10-02&kabkota=gresikkab&pasar=46
2026-10-02,gresik,45,Pasar Baru,pasar rakyat,beras-premium,Beras premium,Komoditas pasar,Beras premium,1 kg,kg,15500,survei,terpantau,resmi-pasar,2026-10-02,"Pasar Baru, Kabupaten Gresik",https://siskaperbapo.indagjatim.com/display/show/?tanggal=2026-10-02&kabkota=gresikkab&pasar=45
2026-10-02,gresik,46,Pasar Kota,pasar rakyat,beras-premium,Beras premium,Komoditas pasar,Beras premium,1 kg,kg,15000,survei,terpantau,resmi-pasar,2026-10-02,"Pasar Kota, Kabupaten Gresik",https://siskaperbapo.indagjatim.com/display/show/?tanggal=2026-10-02&kabkota=gresikkab&pasar=46
2026-10-02,gresik,45,Pasar Baru,pasar rakyat,cabai-besar,Cabai merah besar,Komoditas pasar,Cabai merah besar,1 kg,kg,30000,survei,terpantau,resmi-pasar,2026-10-02,"Pasar Baru, Kabupaten Gresik",https://siskaperbapo.indagjatim.com/display/show/?tanggal=2026-10-02&kabkota=gresikkab&pasar=45
2026-10-02,gresik,46,Pasar Kota,pasar rakyat,cabai-besar,Cabai merah besar,Komoditas pasar,Cabai merah besar,1 kg,kg,35000,survei,terpantau,resmi-pasar,2026-10-02,"Pasar Kota, Kabupaten Gresik",https://siskaperbapo.indagjatim.com/display/show/?tanggal=2026-10-02&kabkota=gresikkab&pasar=46
2026-10-02,gresik,45,Pasar Baru,pasar rakyat,cabai-keriting,Cabai merah keriting,Komoditas pasar,Cabai merah keriting,1 kg,kg,48000,survei,terpantau,resmi-pasar,2026-10-02,"Pasar Baru, Kabupaten Gresik",https://siskaperbapo.indagjatim.com/display/show/?tanggal=2026-10-02&kabkota=gresikkab&pasar=45
2026-10-02,gresik,46,Pasar Kota,pasar rakyat,cabai-keriting,Cabai merah keriting,Komoditas pasar,Cabai merah keriting,1 kg,kg,40000,survei,terpantau,resmi-pasar,2026-10-02,"Pasar Kota, Kabupaten Gresik",https://siskaperbapo.indagjatim.com/display/show/?tanggal=2026-10-02&kabkota=gresikkab&pasar=46
2026-10-02,gresik,45,Pasar Baru,pasar rakyat,cabai-rawit,Cabai rawit merah,Komoditas pasar,Cabai rawit merah,1 kg,kg,68000,survei,terpantau,resmi-pasar,2026-10-02,"Pasar Baru, Kabupaten Gresik",https://siskaperbapo.indagjatim.com/display/show/?tanggal=2026-10-02&kabkota=gresikkab&pasar=45
2026-10-02,gresik,46,Pasar Kota,pasar rakyat,cabai-rawit,Cabai rawit merah,Komoditas pasar,Cabai rawit merah,1 kg,kg,70000,survei,terpantau,resmi-pasar,2026-10-02,"Pasar Kota, Kabupaten Gresik",https://siskaperbapo.indagjatim.com/display/show/?tanggal=2026-10-02&kabkota=gresikkab&pasar=46
2026-10-02,gresik,45,Pasar Baru,pasar rakyat,gula,Gula kristal putih,Komoditas pasar,Gula kristal putih,1 kg,kg,17500,survei,terpantau,resmi-pasar,2026-10-02,"Pasar Baru, Kabupaten Gresik",https://siskaperbapo.indagjatim.com/display/show/?tanggal=2026-10-02&kabkota=gresikkab&pasar=45
2026-10-02,gresik,46,Pasar Kota,pasar rakyat,gula,Gula kristal putih,Komoditas pasar,Gula kristal putih,1 kg,kg,17000,survei,terpantau,resmi-pasar,2026-10-02,"Pasar Kota, Kabupaten Gresik",https://siskaperbapo.indagjatim.com/display/show/?tanggal=2026-10-02&kabkota=gresikkab&pasar=46
2026-10-02,gresik,45,Pasar Baru,pasar rakyat,lpg,LPG 3 kg,Komoditas pasar,LPG 3 kg,1 tabung,tabung,20000,survei,terpantau,resmi-pasar,2026-10-02,"Pasar Baru, Kabupaten Gresik",https://siskaperbapo.indagjatim.com/display/show/?tanggal=2026-10-02&kabkota=gresikkab&pasar=45
2026-10-02,gresik,46,Pasar Kota,pasar rakyat,lpg,LPG 3 kg,Komoditas pasar,LPG 3 kg,1 tabung,tabung,20000,survei,terpantau,resmi-pasar,2026-10-02,"Pasar Kota, Kabupaten Gresik",https://siskaperbapo.indagjatim.com/display/show/?tanggal=2026-10-02&kabkota=gresikkab&pasar=46
2026-10-02,gresik,45,Pasar Baru,pasar rakyat,minyak-curah,Minyak goreng curah,Komoditas pasar,Minyak goreng curah,1 kg,kg,20000,survei,terpantau,resmi-pasar,2026-10-02,"Pasar Baru, Kabupaten Gresik",https://siskaperbapo.indagjatim.com/display/show/?tanggal=2026-10-02&kabkota=gresikkab&pasar=45
2026-10-02,gresik,46,Pasar Kota,pasar rakyat,minyak-curah,Minyak goreng curah,Komoditas pasar,Minyak goreng curah,1 kg,kg,14000,survei,terpantau,resmi-pasar,2026-10-02,"Pasar Kota, Kabupaten Gresik",https://siskaperbapo.indagjatim.com/display/show/?tanggal=2026-10-02&kabkota=gresikkab&pasar=46
2026-10-02,gresik,45,Pasar Baru,pasar rakyat,minyakita,Minyakita,Komoditas pasar,Minyakita,1 liter,liter,15700,survei,terpantau,resmi-pasar,2026-10-02,"Pasar Baru, Kabupaten Gresik",https://siskaperbapo.indagjatim.com/display/show/?tanggal=2026-10-02&kabkota=gresikkab&pasar=45
2026-10-02,gresik,45,Pasar Baru,pasar rakyat,sapi,Daging sapi paha belakang,Komoditas pasar,Daging sapi paha belakang,1 kg,kg,130000,survei,terpantau,resmi-pasar,2026-10-02,"Pasar Baru, Kabupaten Gresik",https://siskaperbapo.indagjatim.com/display/show/?tanggal=2026-10-02&kabkota=gresikkab&pasar=45
2026-10-02,gresik,46,Pasar Kota,pasar rakyat,sapi,Daging sapi paha belakang,Komoditas pasar,Daging sapi paha belakang,1 kg,kg,115000,survei,terpantau,resmi-pasar,2026-10-02,"Pasar Kota, Kabupaten Gresik",https://siskaperbapo.indagjatim.com/display/show/?tanggal=2026-10-02&kabkota=gresikkab&pasar=46
2026-10-02,gresik,45,Pasar Baru,pasar rakyat,telur,Telur ayam ras,Komoditas pasar,Telur ayam ras,1 kg,kg,24000,survei,terpantau,resmi-pasar,2026-10-02,"Pasar Baru, Kabupaten Gresik",https://siskaperbapo.indagjatim.com/display/show/?tanggal=2026-10-02&kabkota=gresikkab&pasar=45
2026-10-02,gresik,46,Pasar Kota,pasar rakyat,telur,Telur ayam ras,Komoditas pasar,Telur ayam ras,1 kg,kg,24000,survei,terpantau,resmi-pasar,2026-10-02,"Pasar Kota, Kabupaten Gresik",https://siskaperbapo.indagjatim.com/display/show/?tanggal=2026-10-02&kabkota=gresikkab&pasar=46
2026-10-02,lamongan,53,Pasar Sidoharjo,pasar rakyat,ayam,Daging ayam ras,Komoditas pasar,Daging ayam ras,1 kg,kg,38000,survei,terpantau,resmi-pasar,2026-10-02,"Pasar Sidoharjo, Kabupaten Lamongan",https://siskaperbapo.indagjatim.com/display/show/?tanggal=2026-10-02&kabkota=lamongankab&pasar=53
2026-10-02,lamongan,54,Pasar Babat,pasar rakyat,bawang-merah,Bawang merah,Komoditas pasar,Bawang merah,1 kg,kg,21000,survei,terpantau,resmi-pasar,2026-10-02,"Pasar Babat, Kabupaten Lamongan",https://siskaperbapo.indagjatim.com/display/show/?tanggal=2026-10-02&kabkota=lamongankab&pasar=54
2026-10-02,lamongan,55,Pasar Blimbing,pasar rakyat,bawang-merah,Bawang merah,Komoditas pasar,Bawang merah,1 kg,kg,21000,survei,terpantau,resmi-pasar,2026-10-02,"Pasar Blimbing, Kabupaten Lamongan",https://siskaperbapo.indagjatim.com/display/show/?tanggal=2026-10-02&kabkota=lamongankab&pasar=55
2026-10-02,lamongan,121,Pasar Mantup,pasar rakyat,bawang-merah,Bawang merah,Komoditas pasar,Bawang merah,1 kg,kg,21000,survei,terpantau,resmi-pasar,2026-10-02,"Pasar Mantup, Kabupaten Lamongan",https://siskaperbapo.indagjatim.com/display/show/?tanggal=2026-10-02&kabkota=lamongankab&pasar=121
2026-10-02,lamongan,53,Pasar Sidoharjo,pasar rakyat,bawang-merah,Bawang merah,Komoditas pasar,Bawang merah,1 kg,kg,28000,survei,terpantau,resmi-pasar,2026-10-02,"Pasar Sidoharjo, Kabupaten Lamongan",https://siskaperbapo.indagjatim.com/display/show/?tanggal=2026-10-02&kabkota=lamongankab&pasar=53
2026-10-02,lamongan,53,Pasar Sidoharjo,pasar rakyat,bawang-putih,Bawang putih,Komoditas pasar,Bawang putih,1 kg,kg,28000,survei,terpantau,resmi-pasar,2026-10-02,"Pasar Sidoharjo, Kabupaten Lamongan",https://siskaperbapo.indagjatim.com/display/show/?tanggal=2026-10-02&kabkota=lamongankab&pasar=53
2026-10-02,lamongan,53,Pasar Sidoharjo,pasar rakyat,beras-medium,Beras medium,Komoditas pasar,Beras medium,1 kg,kg,13000,survei,terpantau,resmi-pasar,2026-10-02,"Pasar Sidoharjo, Kabupaten Lamongan",https://siskaperbapo.indagjatim.com/display/show/?tanggal=2026-10-02&kabkota=lamongankab&pasar=53
2026-10-02,lamongan,53,Pasar Sidoharjo,pasar rakyat,beras-premium,Beras premium,Komoditas pasar,Beras premium,1 kg,kg,14900,survei,terpantau,resmi-pasar,2026-10-02,"Pasar Sidoharjo, Kabupaten Lamongan",https://siskaperbapo.indagjatim.com/display/show/?tanggal=2026-10-02&kabkota=lamongankab&pasar=53
2026-10-02,lamongan,53,Pasar Sidoharjo,pasar rakyat,cabai-besar,Cabai merah besar,Komoditas pasar,Cabai merah besar,1 kg,kg,35000,survei,terpantau,resmi-pasar,2026-10-02,"Pasar Sidoharjo, Kabupaten Lamongan",https://siskaperbapo.indagjatim.com/display/show/?tanggal=2026-10-02&kabkota=lamongankab&pasar=53
2026-10-02,lamongan,53,Pasar Sidoharjo,pasar rakyat,cabai-keriting,Cabai merah keriting,Komoditas pasar,Cabai merah keriting,1 kg,kg,35000,survei,terpantau,resmi-pasar,2026-10-02,"Pasar Sidoharjo, Kabupaten Lamongan",https://siskaperbapo.indagjatim.com/display/show/?tanggal=2026-10-02&kabkota=lamongankab&pasar=53
2026-10-02,lamongan,53,Pasar Sidoharjo,pasar rakyat,cabai-rawit,Cabai rawit merah,Komoditas pasar,Cabai rawit merah,1 kg,kg,60000,survei,terpantau,resmi-pasar,2026-10-02,"Pasar Sidoharjo, Kabupaten Lamongan",https://siskaperbapo.indagjatim.com/display/show/?tanggal=2026-10-02&kabkota=lamongankab&pasar=53
2026-10-02,lamongan,53,Pasar Sidoharjo,pasar rakyat,gula,Gula kristal putih,Komoditas pasar,Gula kristal putih,1 kg,kg,17000,survei,terpantau,resmi-pasar,2026-10-02,"Pasar Sidoharjo, Kabupaten Lamongan",https://siskaperbapo.indagjatim.com/display/show/?tanggal=2026-10-02&kabkota=lamongankab&pasar=53
2026-10-02,lamongan,53,Pasar Sidoharjo,pasar rakyat,lpg,LPG 3 kg,Komoditas pasar,LPG 3 kg,1 tabung,tabung,20000,survei,terpantau,resmi-pasar,2026-10-02,"Pasar Sidoharjo, Kabupaten Lamongan",https://siskaperbapo.indagjatim.com/display/show/?tanggal=2026-10-02&kabkota=lamongankab&pasar=53
2026-10-02,lamongan,53,Pasar Sidoharjo,pasar rakyat,minyak-curah,Minyak goreng curah,Komoditas pasar,Minyak goreng curah,1 kg,kg,18000,survei,terpantau,resmi-pasar,2026-10-02,"Pasar Sidoharjo, Kabupaten Lamongan",https://siskaperbapo.indagjatim.com/display/show/?tanggal=2026-10-02&kabkota=lamongankab&pasar=53
2026-10-02,lamongan,53,Pasar Sidoharjo,pasar rakyat,minyakita,Minyakita,Komoditas pasar,Minyakita,1 liter,liter,15700,survei,terpantau,resmi-pasar,2026-10-02,"Pasar Sidoharjo, Kabupaten Lamongan",https://siskaperbapo.indagjatim.com/display/show/?tanggal=2026-10-02&kabkota=lamongankab&pasar=53
2026-10-02,lamongan,53,Pasar Sidoharjo,pasar rakyat,sapi,Daging sapi paha belakang,Komoditas pasar,Daging sapi paha belakang,1 kg,kg,125000,survei,terpantau,resmi-pasar,2026-10-02,"Pasar Sidoharjo, Kabupaten Lamongan",https://siskaperbapo.indagjatim.com/display/show/?tanggal=2026-10-02&kabkota=lamongankab&pasar=53
2026-10-02,lamongan,53,Pasar Sidoharjo,pasar rakyat,telur,Telur ayam ras,Komoditas pasar,Telur ayam ras,1 kg,kg,25000,survei,terpantau,resmi-pasar,2026-10-02,"Pasar Sidoharjo, Kabupaten Lamongan",https://siskaperbapo.indagjatim.com/display/show/?tanggal=2026-10-02&kabkota=lamongankab&pasar=53
